Date,Station,Item,00,01,02,03,04,05,06,07,08,09,10,11,12,13,14,15,16,17,18,19,20,21,22,23
2014/01/01,Sanyi,PM10,86,76,53,46,42,35,39,42,35,31,29,34,43,48,53,60,66,77,84,72,57,61,66,56
2014/01/02,Sanyi,PM10,48,43,39,38,35,31,29,32,29,27,31,37,46,50,38,45,62,79,93,88,71,66,65,51
2014/01/03,Sanyi,PM10,44,42,40,37,33,32,24,20,20,21,27,37,39,33,38,51,71,87,81,73,77,77,76,81
2014/01/04,Sanyi,PM10,87,88,82,76,65,65,79,94,104,115,119,120,114,108,109,120,148,180,199,213,211,193,172,155
2014/01/05,Sanyi,PM10,150,144,138,143,147,145,148,142,134,122,125,138,131,114,110,110,100,94,89,84,82,78,76,71
2014/01/07,Sanyi,PM10,60,55,53,53,44,39,45,48,48,55,77,87,82,83,82,76,76,83,81,71,93,99,79,77
2014/01/08,Sanyi,PM10,76,68,57,53,49,40,37,37,34,49,56,49,49,42,64,78,59,60,66,62,51,44,42,38
2014/01/09,Sanyi,PM10,31,33,37,35,37,38,37,37,32,26,27,32,34,32,27,31,38,35,28,24,27,26,16,13
2014/01/10,Sanyi,PM10,17,18,20,21,21,20,23,23,22,21,22,27,33,35,34,39,44,40,31,29,32,31,34,34
2014/01/11,Sanyi,PM10,34,42,43,45,46,46,49,56,53,49,50,49,59,57,48,56,64,61,57,55,50,48,53,70
2014/01/12,Sanyi,PM10,92,98,95,98,95,84,72,70,71,60,56,55,46,40,38,43,44,35,29,23,24,21,18,24
2014/01/13,Sanyi,PM10,24,22,24,21,20,22,24,29,37,46,48,46,50,57,61,59,56,57,61,67,67,61,64,64
2014/01/14,Sanyi,PM10,54,46,40,34,24,22,27,27,24,23,18,21,18,13,13,12,20,28,29,26,22,21,22,24
2014/01/17,Sanyi,PM10,31,31,32,28,32,33,33,40,42,35,34,39,42,43,45,51,55,55,54,48,42,35,29,26
2014/01/18,Sanyi,PM10,27,27,22,22,23,21,22,24,34,45,55,73,115,148,158,165,161,153,141,139,133,112,98,88
2014/01/19,Sanyi,PM10,81,76,75,70,61,56,56,53,48,43,62,98,106,99,97,97,104,108,109,105,97,94,94,89
2014/01/20,Sanyi,PM10,86,86,87,98,108,101,97,95,90,83,70,67,75,75,75,71,67,71,66,59,51,60,73,70
2014/01/21,Sanyi,PM10,77,92,100,104,103,112,128,137,152,166,169,171,169,159,150,132,117,99,84,77,70,65,62,56
2014/01/22,Sanyi,PM10,51,45,43,45,46,44,40,40,42,43,42,43,45,50,54,49,50,48,40,37,35,33,33,32
2014/01/23,Sanyi,PM10,27,23,23,23,22,29,34,34,33,31,39,46,53,55,53,48,42,44,50,59,54,38,27,28
2014/01/24,Sanyi,PM10,39,44,40,38,35,33,45,51,44,48,48,45,57,59,45,38,28,29,43,54,57,51,43,37
2014/01/25,Sanyi,PM10,37,33,26,22,20,16,16,18,20,16,16,23,27,27,28,26,24,32,51,55,53,56,45,31
2014/01/27,Sanyi,PM10,45,43,43,43,39,37,37,34,38,39,38,42,40,46,56,57,55,57,54,51,57,50,42,44
2014/01/29,Sanyi,PM10,46,49,44,45,48,49,46,44,54,50,51,68,79,76,64,66,66,71,83,76,71,83,73,56
2014/01/30,Sanyi,PM10,62,73,60,42,44,46,46,51,49,48,53,50,55,61,57,55,57,65,72,73,77,71,75,73
2014/01/31,Sanyi,PM10,65,62,53,45,42,37,33,29,29,29,48,76,86,89,84,84,90,90,88,89,88,81,66,53
2014/02/01,Sanyi,PM10,50,49,45,45,43,40,39,46,46,39,34,32,34,42,44,43,43,42,127,148,98,92,64,46
2014/02/02,Sanyi,PM10,37,35,35,37,35,29,27,29,33,32,32,31,32,39,39,39,39,43,39,43,111,110,53,51
2014/02/03,Sanyi,PM10,46,46,43,38,33,29,28,27,24,24,23,24,37,45,45,44,37,37,51,62,64,62,65,62
2014/02/04,Sanyi,PM10,67,73,70,67,60,49,37,27,26,23,21,21,29,40,38,33,31,24,18,18,15,18,20,10
2014/02/05,Sanyi,PM10,11,11,5,6,7,6,9,6,7,11,11,7,9,16,20,26,37,43,45,44,46,55,53,46
2014/02/07,Sanyi,PM10,49,34,23,21,22,33,53,51,32,23,29,34,32,31,29,39,49,40,34,31,24,27,28,28
2014/02/08,Sanyi,PM10,24,18,18,16,12,13,13,11,9,15,20,17,20,24,23,22,23,24,27,23,18,20,20,12
2014/02/09,Sanyi,PM10,11,12,9,10,10,9,6,9,13,13,10,9,9,11,12,10,13,12,9,11,10,11,11,12
2014/02/10,Sanyi,PM10,13,10,5,10,11,12,17,16,13,17,16,15,17,17,15,16,15,13,18,20,22,20,24,27
2014/02/11,Sanyi,PM10,23,22,18,18,26,32,31,32,35,35,28,24,26,27,33,32,33,37,34,31,27,28,31,27
2014/02/13,Sanyi,PM10,27,24,24,24,22,21,16,11,11,9,7,9,13,13,12,11,13,15,17,17,16,16,15,15
2014/02/14,Sanyi,PM10,16,13,12,11,16,17,12,15,15,15,16,20,24,23,20,20,20,21,22,24,24,22,24,22
2014/02/15,Sanyi,PM10,22,22,24,26,22,18,21,24,26,26,24,23,23,26,34,35,34,40,42,37,31,27,31,39
2014/02/16,Sanyi,PM10,49,48,44,50,48,37,35,35,31,31,39,43,39,38,51,68,67,70,67,64,60,50,50,49
2014/02/17,Sanyi,PM10,38,31,37,62,82,73,55,48,50,42,37,37,37,50,60,70,71,66,70,73,76,86,93,86
2014/02/20,Sanyi,PM10,29,32,35,37,35,35,34,34,38,40,39,37,40,44,50,57,67,76,70,64,65,65,60,56
2014/02/21,Sanyi,PM10,53,57,61,60,57,49,45,50,50,46,48,53,54,49,43,45,46,48,49,43,40,110,110,39
2014/02/22,Sanyi,PM10,35,32,35,42,42,37,35,42,53,56,55,56,50,46,49,49,48,50,53,50,54,50,40,32
2014/02/23,Sanyi,PM10,29,35,37,39,38,34,35,37,32,31,27,28,35,42,45,43,46,55,53,49,44,38,38,38
2014/02/24,Sanyi,PM10,42,39,33,29,29,32,33,45,66,77,86,99,108,111,114,116,117,130,136,120,90,75,50,21
2014/02/25,Sanyi,PM10,17,18,20,27,32,27,18,22,39,40,42,54,56,45,38,49,64,82,95,95,101,115,109,77
2014/02/27,Sanyi,PM10,50,43,34,32,38,39,43,49,48,54,55,48,50,60,61,62,66,65,65,66,62,50,43,54
2014/02/28,Sanyi,PM10,67,67,61,54,49,45,32,27,37,43,35,35,48,54,53,55,57,60,67,67,49,44,55,65
2014/03/01,Sanyi,PM10,76,70,46,39,48,48,48,44,40,46,43,45,53,54,48,54,60,49,46,59,78,84,86,95
2014/03/02,Sanyi,PM10,98,81,49,18,12,17,16,15,11,11,15,20,21,22,28,33,38,38,35,33,27,23,23,23
2014/03/04,Sanyi,PM10,49,48,50,54,39,23,22,24,28,29,40,48,56,65,62,78,94,93,89,72,61,53,43,26
2014/03/05,Sanyi,PM10,17,16,10,12,15,13,17,27,34,38,34,27,22,26,32,31,27,23,24,31,29,28,29,26
2014/03/06,Sanyi,PM10,26,21,17,23,22,23,26,22,27,31,33,37,39,39,33,31,33,26,20,16,12,12,15,16
2014/03/07,Sanyi,PM10,15,15,12,10,10,11,10,11,15,15,17,22,20,26,33,33,34,35,35,33,38,42,35,28
2014/03/08,Sanyi,PM10,32,37,34,29,20,13,16,23,24,22,20,12,12,12,12,13,15,15,15,18,15,11,12,12
2014/03/09,Sanyi,PM10,11,11,11,6,10,16,15,15,16,16,21,23,22,22,23,26,29,35,35,34,34,33,33,34
2014/03/11,Sanyi,PM10,111,108,98,77,56,48,39,37,49,61,66,76,78,75,79,82,83,83,66,55,55,48,48,45
2014/03/12,Sanyi,PM10,42,37,46,60,55,51,56,70,77,83,101,111,99,78,73,90,115,126,123,105,105,109,84,51
2014/03/13,Sanyi,PM10,31,34,34,29,26,26,33,29,22,23,23,24,23,21,23,27,27,24,17,22,31,44,64,70
2014/03/14,Sanyi,PM10,75,79,78,81,84,87,88,81,81,84,90,105,104,101,105,101,94,86,82,81,75,68,68,70
2014/03/15,Sanyi,PM10,66,62,62,76,101,111,106,112,121,134,141,127,114,114,127,130,115,97,90,94,97,98,99,105
2014/03/17,Sanyi,PM10,46,46,57,62,59,57,55,53,56,65,73,86,104,110,101,87,77,79,76,77,93,105,106,104
2014/03/19,Sanyi,PM10,56,56,57,60,59,68,90,101,106,106,100,99,98,87,77,77,83,92,104,114,123,132,125,101
2014/03/20,Sanyi,PM10,81,76,83,86,84,87,84,88,90,66,40,49,64,64,65,64,62,65,62,64,65,76,86,83
2014/03/21,Sanyi,PM10,81,77,72,61,48,42,35,35,44,50,50,54,62,57,51,49,44,44,42,39,37,33,32,34
2014/03/23,Sanyi,PM10,48,53,59,60,64,71,68,72,99,111,103,89,83,79,64,62,62,57,62,66,70,65,56,53
2014/03/24,Sanyi,PM10,54,57,60,60,56,56,61,62,67,78,89,104,110,101,90,86,89,97,103,104,93,89,88,88
2014/03/26,Sanyi,PM10,70,50,40,40,43,44,43,44,43,46,61,76,75,59,43,35,39,42,44,44,43,43,42,43
2014/03/28,Sanyi,PM10,68,71,84,78,50,46,51,62,62,64,68,56,53,43,35,37,43,43,51,55,72,104,108,98
2014/03/29,Sanyi,PM10,99,90,82,90,94,95,95,87,83,79,70,64,71,86,89,75,51,45,49,40,31,24,22,20
2014/03/30,Sanyi,PM10,22,28,27,29,33,34,35,37,38,39,42,42,38,40,49,55,61,68,79,92,93,86,71,62
2014/04/01,Sanyi,PM10,43,33,22,13,13,18,18,20,23,22,23,24,26,27,28,29,33,37,40,44,43,39,33,27
2014/04/02,Sanyi,PM10,27,33,32,27,21,22,27,27,28,27,28,31,33,40,35,35,56,64,64,70,66,57,60,60
2014/04/03,Sanyi,PM10,60,51,31,24,34,43,42,42,39,43,65,89,94,93,86,72,64,56,56,54,45,39,38,32
2014/04/04,Sanyi,PM10,32,33,37,35,37,43,42,38,39,44,50,61,66,60,61,67,72,77,79,82,78,78,76,65
2014/04/05,Sanyi,PM10,53,50,53,55,54,48,49,60,75,77,66,71,77,77,68,61,67,70,70,68,73,82,73,65
2014/04/06,Sanyi,PM10,65,64,60,57,56,56,59,56,60,75,95,106,101,95,94,87,81,77,71,67,65,65,71,90
2014/04/07,Sanyi,PM10,99,94,81,70,68,67,68,55,38,35,31,27,27,26,26,21,22,29,32,31,28,29,31,33
2014/04/09,Sanyi,PM10,54,65,81,83,72,60,61,76,81,88,83,71,64,60,61,62,60,57,62,65,65,56,44,39
2014/04/10,Sanyi,PM10,43,45,42,42,42,34,27,31,42,44,40,43,45,44,54,67,70,71,73,72,70,72,68,68
2014/04/11,Sanyi,PM10,77,76,77,79,78,98,112,110,108,94,79,73,71,62,57,57,55,60,70,75,79,86,89,89
2014/04/12,Sanyi,PM10,82,78,70,61,60,55,46,42,44,57,70,75,72,59,51,56,60,61,60,60,64,64,57,48
2014/04/13,Sanyi,PM10,49,56,64,71,66,59,57,51,51,57,59,57,55,57,57,50,45,45,44,42,48,57,64,62
2014/04/14,Sanyi,PM10,53,43,37,32,29,29,34,37,37,40,43,42,48,84,92,57,48,49,55,51,48,48,43,42
2014/04/15,Sanyi,PM10,39,43,79,75,40,40,42,39,39,43,50,61,73,82,84,83,83,84,83,76,76,88,86,71
2014/04/16,Sanyi,PM10,62,62,65,66,71,73,76,77,82,86,79,71,68,67,60,59,65,64,68,70,61,57,57,60
2014/04/18,Sanyi,PM10,64,65,64,55,50,49,51,51,50,57,64,66,57,46,42,44,48,53,53,57,57,50,55,57
2014/04/19,Sanyi,PM10,50,45,45,50,46,34,32,33,31,40,53,48,46,57,56,46,43,43,44,46,50,56,54,51
2014/04/20,Sanyi,PM10,59,65,67,66,61,65,68,66,50,46,51,49,46,53,53,56,66,64,65,73,78,79,73,64
2014/04/21,Sanyi,PM10,64,62,57,48,42,39,31,29,34,39,46,51,65,75,73,68,61,64,67,67,71,72,67,65
2014/04/23,Sanyi,PM10,32,34,35,31,29,29,24,26,29,32,39,51,62,64,59,61,65,73,76,70,67,68,71,68
2014/04/24,Sanyi,PM10,70,70,64,56,46,39,34,37,34,42,46,38,40,46,50,60,68,82,90,93,97,97,89,79
2014/04/25,Sanyi,PM10,77,79,78,70,65,70,77,95,103,94,94,97,79,64,54,43,51,61,55,50,56,57,57,59
2014/04/26,Sanyi,PM10,59,62,64,61,62,59,48,45,55,59,56,57,40,27,31,32,34,27,20,24,27,27,29,33
2014/04/27,Sanyi,PM10,34,31,27,27,24,21,22,28,35,45,44,46,54,44,33,28,23,18,20,31,35,35,34,42
2014/04/28,Sanyi,PM10,56,61,56,50,46,44,45,46,44,45,45,46,49,54,61,68,75,71,64,61,56,55,59,59
2014/04/30,Sanyi,PM10,77,77,75,86,94,98,105,104,104,110,114,125,141,138,116,95,78,66,60,59,59,56,55,51
2014/05/01,Sanyi,PM10,44,35,29,28,37,43,42,44,49,51,50,49,44,35,24,22,23,24,22,21,22,26,22,20
2014/05/02,Sanyi,PM10,21,22,23,23,23,29,31,26,21,18,27,33,44,57,60,57,56,53,46,48,53,51,51,51
2014/05/03,Sanyi,PM10,44,43,48,42,40,45,44,57,71,66,61,59,62,66,62,54,56,68,64,61,67,66,60,67
2014/05/04,Sanyi,PM10,75,66,60,44,27,26,29,38,49,67,78,77,77,72,62,49,44,44,46,54,57,67,79,86
2014/05/05,Sanyi,PM10,81,71,44,18,12,13,13,12,9,11,20,18,16,20,21,22,26,31,29,27,37,45,40,35
2014/05/07,Sanyi,PM10,40,42,34,37,33,26,26,24,21,24,40,38,26,24,17,20,24,29,34,37,37,35,32,33
2014/05/08,Sanyi,PM10,34,31,28,31,32,34,34,37,35,27,24,23,27,31,28,27,28,32,33,37,45,45,44,38
2014/05/10,Sanyi,PM10,64,66,68,72,60,43,39,38,33,29,34,42,42,42,40,53,67,70,76,78,78,81,81,65
2014/05/11,Sanyi,PM10,40,28,28,33,37,42,40,34,24,23,28,29,31,31,38,49,38,27,27,31,33,28,24,22
2014/05/12,Sanyi,PM10,21,22,26,21,18,20,20,20,26,31,29,31,31,33,33,28,22,24,28,23,22,18,15,16
2014/05/14,Sanyi,PM10,23,29,23,17,21,23,21,16,17,22,31,29,40,42,28,29,28,27,24,26,28,27,26,27
2014/05/15,Sanyi,PM10,27,27,24,21,20,21,21,21,22,21,23,24,22,23,23,24,18,13,20,21,16,15,17,17
2014/05/16,Sanyi,PM10,22,24,21,20,35,39,28,24,21,24,29,35,33,29,42,53,56,70,86,77,57,48,55,50
2014/05/17,Sanyi,PM10,40,44,40,35,37,39,38,38,39,44,46,48,49,50,50,48,43,34,34,39,40,38,34,34
2014/05/18,Sanyi,PM10,33,32,34,28,27,28,23,29,34,29,35,37,33,31,24,20,16,17,20,20,22,23,23,26
2014/05/19,Sanyi,PM10,24,23,23,22,23,29,27,22,21,31,38,23,13,13,16,16,15,21,24,27,27,27,27,26
2014/05/21,Sanyi,PM10,22,18,16,16,11,16,21,16,16,16,16,22,22,12,10,16,20,13,12,13,12,13,17,17
2014/05/22,Sanyi,PM10,21,26,24,20,17,16,17,16,16,13,13,17,20,20,23,26,26,31,33,35,38,37,40,40
2014/05/23,Sanyi,PM10,34,31,34,49,50,31,24,28,27,23,20,16,18,29,40,46,49,42,29,27,37,44,40,40
2014/05/24,Sanyi,PM10,40,34,31,32,31,32,31,24,21,21,24,26,33,45,42,27,18,16,22,26,29,33,32,33
2014/05/25,Sanyi,PM10,34,32,27,23,22,23,24,27,27,31,29,32,38,40,33,27,35,39,34,33,28,23,28,29
2014/05/26,Sanyi,PM10,38,33,20,23,23,23,24,22,20,24,27,28,33,28,23,32,45,39,34,42,42,42,38,33
2014/05/27,Sanyi,PM10,29,28,31,28,22,23,21,20,26,31,32,23,17,13,23,31,21,23,40,57,70,71,66,57
2014/05/29,Sanyi,PM10,57,50,43,35,35,34,42,48,45,45,60,66,43,35,42,35,31,33,34,32,33,35,33,29
2014/05/30,Sanyi,PM10,23,24,31,32,29,32,29,26,26,26,32,38,34,32,31,26,28,27,26,32,33,33,33,35
2014/05/31,Sanyi,PM10,39,39,40,35,37,39,37,29,35,45,45,38,29,28,24,20,18,23,32,42,51,55,56,53
2014/06/01,Sanyi,PM10,46,43,42,40,42,43,44,51,62,57,44,42,45,42,33,27,23,22,28,29,28,28,29,32
2014/06/02,Sanyi,PM10,35,35,31,22,18,21,17,13,17,20,22,22,26,24,26,23,20,23,20,18,20,17,17,17
2014/06/03,Sanyi,PM10,16,16,21,17,18,18,17,16,16,20,23,22,20,22,21,21,18,18,17,15,16,15,17,20
2014/06/04,Sanyi,PM10,22,28,27,23,23,23,24,22,22,24,28,37,38,35,37,40,50,50,48,53,51,48,48,46
2014/06/06,Sanyi,PM10,21,22,21,20,18,15,12,16,15,11,10,11,16,28,38,37,29,23,26,27,29,27,20,13
2014/06/07,Sanyi,PM10,12,15,21,21,18,18,15,15,16,20,23,28,34,32,29,31,24,21,18,15,15,17,21,20
2014/06/08,Sanyi,PM10,21,23,23,21,21,24,28,24,26,31,29,22,22,21,18,23,21,21,26,26,23,21,22,21
2014/06/13,Sanyi,PM10,44,54,53,48,55,59,56,59,70,77,68,61,54,46,45,42,39,45,45,39,35,27,26,33
2014/06/14,Sanyi,PM10,43,45,46,49,44,48,45,40,37,32,42,61,68,60,54,53,42,34,38,32,21,23,27,32
2014/06/15,Sanyi,PM10,37,37,35,35,35,35,38,45,48,44,42,39,43,42,42,40,34,24,22,26,23,27,28,29
2014/06/17,Sanyi,PM10,32,34,32,26,21,18,15,17,23,18,17,22,21,24,28,22,26,26,23,28,27,26,28,24
2014/06/18,Sanyi,PM10,20,21,26,27,22,26,32,32,37,38,38,39,43,43,37,37,37,26,29,39,31,26,21,18
2014/06/19,Sanyi,PM10,26,26,26,26,21,24,28,32,34,33,35,44,44,38,38,32,27,26,28,29,28,28,29,32
2014/06/20,Sanyi,PM10,33,35,37,37,39,44,40,42,40,37,38,39,40,31,28,31,33,32,23,22,27,29,26,21
2014/06/21,Sanyi,PM10,24,20,16,20,21,22,23,22,26,26,23,28,35,35,39,43,34,32,32,34,37,34,34,35
2014/06/22,Sanyi,PM10,29,28,28,17,12,16,21,23,23,27,34,37,38,39,40,35,29,29,26,23,32,40,37,39
2014/06/24,Sanyi,PM10,35,28,26,31,26,27,27,22,15,12,22,32,42,45,40,34,38,43,35,33,34,31,31,34
2014/06/26,Sanyi,PM10,27,26,26,24,26,33,28,24,32,32,32,34,35,38,43,42,38,35,33,32,32,28,26,26
2014/06/27,Sanyi,PM10,32,34,33,35,35,34,40,38,39,43,45,54,54,50,45,44,42,39,39,45,46,40,39,43
2014/06/28,Sanyi,PM10,46,48,56,61,57,57,61,70,68,66,70,64,50,34,21,22,26,21,20,24,24,27,34,31
2014/06/29,Sanyi,PM10,28,29,24,26,28,28,31,28,28,29,32,39,40,37,37,38,33,31,31,32,31,31,33,29
2014/06/30,Sanyi,PM10,26,23,23,24,22,26,32,28,23,29,42,46,50,45,42,42,37,42,40,37,39,38,35,34
2014/07/02,Sanyi,PM10,35,37,37,34,28,26,24,27,29,28,33,42,45,51,55,49,35,35,35,29,34,43,56,60
2014/07/03,Sanyi,PM10,48,42,43,39,31,21,23,28,22,22,34,45,53,45,39,40,34,28,29,34,48,50,43,44
2014/07/04,Sanyi,PM10,44,44,46,49,48,48,51,50,55,62,54,51,54,50,40,35,39,39,39,39,38,37,42,51
2014/07/05,Sanyi,PM10,48,35,44,55,54,50,51,55,57,64,64,60,62,49,38,35,29,31,26,26,37,35,33,37
2014/07/06,Sanyi,PM10,38,39,38,37,38,43,44,40,42,45,51,55,46,38,37,37,35,34,34,35,39,43,44,42
2014/07/07,Sanyi,PM10,35,32,32,37,38,39,45,45,35,33,31,28,40,45,43,44,49,46,43,32,20,22,23,22
2014/07/09,Sanyi,PM10,21,21,32,39,35,38,37,34,40,42,42,46,55,55,65,73,64,55,53,57,62,59,54,46
2014/07/10,Sanyi,PM10,40,39,35,37,39,34,32,32,28,40,42,33,44,42,39,44,46,42,35,33,32,29,29,28
2014/07/11,Sanyi,PM10,26,28,27,23,23,23,26,29,27,28,35,44,48,46,43,39,32,31,29,31,32,22,18,23
2014/07/12,Sanyi,PM10,21,20,24,31,29,29,31,27,31,31,32,43,42,45,48,40,37,32,28,29,32,27,28,29
2014/07/13,Sanyi,PM10,24,22,17,17,18,16,15,17,21,24,29,32,35,40,37,31,27,28,31,31,32,38,38,32
2014/07/15,Sanyi,PM10,37,35,34,31,27,34,38,32,32,42,43,43,46,33,20,17,21,20,22,23,29,35,33,29
2014/07/16,Sanyi,PM10,31,27,26,23,23,27,31,34,37,44,38,28,26,32,37,35,34,31,39,38,34,34,32,37
2014/07/18,Sanyi,PM10,43,42,42,42,39,40,42,32,28,39,53,61,68,64,51,42,35,34,29,26,28,28,27,24
2014/07/19,Sanyi,PM10,24,24,23,22,17,18,22,21,18,18,13,18,23,23,24,21,22,21,18,21,31,34,35,42
2014/07/20,Sanyi,PM10,44,42,39,38,38,39,38,35,34,32,27,28,34,40,43,42,37,33,31,31,32,33,35,37
2014/07/26,Sanyi,PM10,20,22,26,24,22,20,24,22,16,15,21,27,29,29,28,27,26,33,34,29,28,39,38,29
2014/07/27,Sanyi,PM10,34,34,29,32,34,33,32,28,22,18,21,21,17,16,18,22,28,32,37,40,40,34,35,39
2014/07/28,Sanyi,PM10,43,42,40,39,33,34,37,31,29,34,42,44,40,34,32,31,31,32,33,35,34,31,17,7
2014/07/29,Sanyi,PM10,7,12,13,16,21,22,22,27,31,26,28,34,42,49,44,40,40,35,37,37,39,37,34,40
2014/07/30,Sanyi,PM10,46,45,43,48,48,44,46,46,43,42,45,46,38,32,29,28,28,27,28,26,24,28,29,24
2014/08/01,Sanyi,PM10,45,42,37,31,31,27,23,27,29,34,39,42,40,38,43,44,51,62,48,40,51,50,49,45
2014/08/02,Sanyi,PM10,39,35,32,32,29,24,24,27,28,32,34,34,37,34,33,29,27,28,28,28,34,35,32,32
2014/08/03,Sanyi,PM10,33,34,34,35,33,31,31,31,32,31,26,24,26,27,28,26,24,29,31,27,26,27,22,18
2014/08/04,Sanyi,PM10,20,17,15,13,9,9,15,20,23,24,27,29,29,26,22,24,24,24,20,23,26,23,24,26
2014/08/05,Sanyi,PM10,26,24,24,27,27,22,17,17,12,11,11,4,1,2,5,7,9,10,11,15,18,21,18,17
2014/08/08,Sanyi,PM10,20,18,13,10,17,18,15,15,13,13,18,22,26,29,29,32,31,31,37,39,37,26,17,18
2014/08/09,Sanyi,PM10,16,12,12,12,10,11,12,16,16,18,21,21,26,29,28,31,23,12,13,18,20,17,18,16
2014/08/10,Sanyi,PM10,10,9,12,12,13,16,11,6,7,13,15,16,17,21,18,10,6,10,13,12,10,10,13,13
2014/08/12,Sanyi,PM10,21,21,13,10,10,11,15,16,17,35,33,18,27,26,16,11,13,18,20,18,16,12,15,16
2014/08/13,Sanyi,PM10,13,11,9,9,9,7,10,10,13,17,11,6,9,10,13,16,15,10,10,11,10,9,10,11
2014/08/14,Sanyi,PM10,11,11,13,11,10,12,12,12,15,18,20,26,23,17,18,21,24,24,26,26,26,26,27,27
2014/08/15,Sanyi,PM10,24,24,27,26,22,24,28,28,34,33,28,37,44,40,33,34,35,28,27,34,45,49,45,42
2014/08/16,Sanyi,PM10,38,34,31,28,26,21,22,23,23,27,27,29,38,42,43,43,37,35,37,37,42,45,45,39
2014/08/17,Sanyi,PM10,32,31,28,29,27,27,28,26,24,24,31,37,39,42,40,38,33,49,53,35,38,35,35,46
2014/08/18,Sanyi,PM10,43,32,27,24,24,23,24,27,29,27,27,29,31,28,22,22,21,16,15,17,16,13,16,13
2014/08/20,Sanyi,PM10,15,16,15,13,15,15,15,16,15,18,22,22,27,27,21,24,34,38,34,33,33,31,24,16
2014/08/22,Sanyi,PM10,26,26,27,32,37,39,44,46,37,31,33,37,42,38,24,20,17,18,26,28,28,31,28,28
2014/08/23,Sanyi,PM10,31,31,29,26,27,28,26,26,27,31,28,22,22,18,15,17,20,21,39,45,35,35,34,33
2014/08/24,Sanyi,PM10,33,33,29,26,22,22,26,26,23,24,33,38,35,33,31,34,33,28,27,29,32,32,32,34
2014/08/25,Sanyi,PM10,35,29,28,29,22,20,21,23,29,43,49,44,39,31,22,21,23,21,18,20,23,23,20,18
2014/08/26,Sanyi,PM10,20,18,20,20,15,17,21,20,16,21,29,33,37,29,22,21,20,23,29,32,29,32,35,38
2014/08/27,Sanyi,PM10,40,42,38,32,33,34,35,33,34,44,59,66,62,57,45,35,35,38,34,22,13,16,22,34
2014/08/28,Sanyi,PM10,39,34,37,39,34,26,29,33,31,34,40,42,37,32,28,28,33,37,35,38,38,35,37,38
2014/08/30,Sanyi,PM10,34,34,32,29,26,24,23,18,21,27,37,46,53,54,51,45,37,26,21,22,21,20,22,27
2014/08/31,Sanyi,PM10,27,21,21,23,22,18,21,23,20,18,22,28,37,43,44,40,33,26,27,26,26,31,34,38
2014/09/02,Sanyi,PM10,31,32,33,34,33,33,34,61,65,42,50,56,46,40,32,23,23,24,23,26,26,23,28,29
2014/09/03,Sanyi,PM10,32,35,37,39,35,33,31,32,44,48,42,40,35,27,20,16,18,21,23,32,31,28,31,26
2014/09/04,Sanyi,PM10,24,27,28,26,23,26,28,29,27,23,34,39,38,42,40,38,44,46,44,38,29,31,38,38
2014/09/05,Sanyi,PM10,33,32,37,39,39,42,37,35,38,40,42,44,40,31,29,26,27,31,31,27,27,29,33,33
2014/09/06,Sanyi,PM10,29,28,27,23,22,23,28,33,38,44,51,56,65,62,50,35,27,29,31,31,29,27,22,33
2014/09/07,Sanyi,PM10,45,45,48,44,40,40,38,34,34,33,37,43,40,42,49,48,38,42,55,51,43,44,42,35
2014/09/08,Sanyi,PM10,32,31,29,29,28,27,29,29,27,26,28,34,34,27,21,12,10,17,18,21,28,29,23,21
2014/09/11,Sanyi,PM10,22,23,24,24,26,28,29,33,35,35,39,35,34,32,23,21,20,23,35,43,39,45,43,34
2014/09/12,Sanyi,PM10,34,35,39,46,50,48,45,37,29,32,29,23,21,17,15,15,22,24,23,23,21,20,18,17
2014/09/13,Sanyi,PM10,20,18,18,21,18,13,13,15,13,17,23,26,22,20,21,20,17,16,17,20,21,23,22,23
2014/09/14,Sanyi,PM10,28,31,32,31,29,26,24,26,28,33,29,24,26,21,23,22,24,42,49,51,48,46,43,33
2014/09/15,Sanyi,PM10,29,31,31,29,29,27,23,20,20,38,55,65,67,68,68,57,46,46,48,45,35,29,33,34
2014/09/17,Sanyi,PM10,40,37,34,37,39,37,32,37,43,46,46,44,46,50,50,45,48,56,56,53,55,61,61,53
2014/09/18,Sanyi,PM10,48,48,46,49,51,53,50,46,48,45,49,57,66,64,54,57,60,59,55,53,53,50,50,49
2014/09/19,Sanyi,PM10,50,57,57,53,54,54,51,54,62,71,67,57,54,61,66,62,66,67,64,61,54,53,51,56
2014/09/20,Sanyi,PM10,60,56,57,61,60,56,57,59,60,45,29,35,44,46,49,49,46,42,33,33,37,37,27,17
2014/09/21,Sanyi,PM10,16,17,21,18,15,17,21,26,31,28,33,48,48,40,45,54,54,50,39,24,28,32,28,23
2014/09/22,Sanyi,PM10,20,13,9,6,1,1,4,6,6,6,13,27,37,40,45,46,38,29,29,33,35,31,22,23
2014/09/23,Sanyi,PM10,27,29,35,37,39,43,39,39,38,35,37,43,45,42,42,43,43,39,38,39,32,24,26,31
2014/09/24,Sanyi,PM10,34,31,24,21,18,16,18,23,23,28,38,44,40,39,35,29,23,22,23,24,23,23,26,28
2014/09/25,Sanyi,PM10,31,31,31,29,31,31,28,28,26,20,21,28,37,40,34,29,29,32,34,33,31,32,33,38
2014/09/27,Sanyi,PM10,44,42,37,35,37,39,45,51,59,64,59,55,55,51,48,46,49,55,61,61,60,59,51,50
2014/09/28,Sanyi,PM10,51,50,49,53,65,66,56,56,61,64,62,60,56,61,62,54,43,45,50,46,43,42,40,40
2014/09/29,Sanyi,PM10,43,43,43,54,68,73,72,78,84,81,79,83,78,67,67,73,72,57,44,42,40,43,53,67
2014/10/01,Sanyi,PM10,27,28,31,31,28,28,31,29,28,27,24,28,31,28,29,31,33,37,38,35,32,32,33,32
2014/10/02,Sanyi,PM10,28,29,29,23,24,24,22,23,24,29,32,39,43,40,45,45,40,40,42,40,43,40,35,32
2014/10/03,Sanyi,PM10,27,24,21,22,26,27,28,29,29,31,40,51,53,51,56,62,57,54,54,57,65,64,57,57
2014/10/04,Sanyi,PM10,61,59,60,64,61,54,40,33,31,33,34,35,39,43,44,42,44,44,40,40,39,38,39,37
2014/10/05,Sanyi,PM10,33,35,38,38,38,38,37,35,34,39,40,38,45,45,43,44,49,55,50,45,44,44,43,44
2014/10/06,Sanyi,PM10,46,49,49,49,45,42,49,59,67,70,66,66,65,62,62,62,67,67,59,51,49,45,42,43
2014/10/07,Sanyi,PM10,48,48,46,43,43,40,37,39,43,43,38,43,44,37,33,35,37,32,31,28,24,26,28,24
2014/10/09,Sanyi,PM10,26,22,23,23,22,23,22,17,17,20,22,22,26,31,29,28,27,28,28,24,18,15,15,13
2014/10/10,Sanyi,PM10,20,22,20,18,17,20,22,23,29,32,31,35,37,28,28,22,22,27,26,20,24,28,20,11
2014/10/11,Sanyi,PM10,11,20,21,21,24,27,27,24,23,26,31,33,37,40,44,44,44,39,32,37,40,39,39,39
2014/10/12,Sanyi,PM10,43,45,43,42,43,42,35,35,38,40,40,34,32,35,49,61,53,51,49,39,27,20,23,24
2014/10/13,Sanyi,PM10,22,26,31,33,32,31,37,45,54,57,59,57,56,64,70,72,72,70,64,59,60,53,44,43
2014/10/14,Sanyi,PM10,42,40,40,40,38,43,50,54,59,62,64,72,72,66,65,66,68,68,68,71,76,71,68,66
2014/10/15,Sanyi,PM10,60,55,51,49,48,44,42,43,46,51,60,70,72,70,73,82,88,88,83,79,81,81,77,75
2014/10/16,Sanyi,PM10,77,77,72,68,60,48,40,39,40,38,35,42,42,39,44,49,55,55,46,44,44,45,43,39
2014/10/18,Sanyi,PM10,38,42,38,31,28,28,35,42,45,50,50,50,51,53,51,55,66,73,71,64,56,54,54,59
2014/10/19,Sanyi,PM10,65,65,66,60,56,56,57,66,71,73,75,64,61,65,62,65,71,79,83,73,65,70,76,72
2014/10/20,Sanyi,PM10,65,64,57,50,53,57,73,94,100,87,73,64,66,70,64,59,62,82,98,101,93,53,18,23
2014/10/21,Sanyi,PM10,32,34,35,35,28,35,49,45,38,29,31,50,56,38,24,18,22,39,45,29,15,12,10,6
2014/10/22,Sanyi,PM10,10,15,12,16,17,17,31,48,57,56,54,71,72,50,38,32,29,28,26,21,21,27,27,27
2014/10/24,Sanyi,PM10,31,28,24,20,16,20,27,29,29,45,57,60,61,57,54,48,44,44,43,34,31,32,31,29
2014/10/25,Sanyi,PM10,33,34,39,46,43,37,39,43,44,49,57,57,51,44,42,45,53,54,49,45,46,44,45,48
2014/10/26,Sanyi,PM10,46,46,53,59,55,54,61,64,65,59,55,55,55,48,44,42,39,42,45,54,56,51,46,49
2014/10/29,Sanyi,PM10,57,77,75,70,60,51,50,57,68,66,71,72,67,64,62,56,53,64,71,64,56,81,89,70
2014/10/30,Sanyi,PM10,62,60,75,86,84,70,61,62,67,83,94,95,99,97,84,83,83,82,86,79,64,59,65,79
2014/10/31,Sanyi,PM10,88,87,86,89,100,103,94,86,77,109,139,127,121,128,139,138,120,127,136,119,110,104,88,86
2014/11/01,Sanyi,PM10,100,115,130,133,134,130,103,98,99,93,86,73,71,76,77,62,46,46,53,50,49,51,53,53
2014/11/02,Sanyi,PM10,50,46,46,43,37,43,51,61,59,46,35,26,22,22,21,20,27,31,26,29,38,38,35,37
2014/11/04,Sanyi,PM10,31,28,28,24,24,24,24,28,28,28,29,37,39,32,28,31,32,28,23,23,24,28,28,26
2014/11/05,Sanyi,PM10,28,33,33,29,28,29,29,31,35,49,60,55,49,51,51,51,51,56,57,50,49,53,50,53
2014/11/06,Sanyi,PM10,56,54,51,51,51,48,50,53,51,55,55,48,44,46,46,46,48,43,28,22,27,26,27,28
2014/11/07,Sanyi,PM10,24,24,24,23,22,20,24,29,31,34,40,42,37,38,38,43,51,50,34,27,28,27,27,32
2014/11/08,Sanyi,PM10,45,65,81,81,84,72,60,64,78,78,77,82,95,103,83,71,76,82,83,86,72,45,33,37
2014/11/09,Sanyi,PM10,38,33,34,31,23,16,13,17,21,22,23,26,27,21,17,16,12,13,15,16,20,18,16,18
2014/11/10,Sanyi,PM10,20,16,16,13,10,10,13,17,21,28,34,37,28,27,35,44,39,33,29,26,26,31,32,28
2014/11/12,Sanyi,PM10,44,40,38,37,29,23,27,32,31,33,37,38,40,37,31,28,26,24,23,31,34,31,31,33
2014/11/13,Sanyi,PM10,29,23,26,33,44,50,55,51,38,32,28,28,33,34,33,38,37,32,33,35,31,22,20,18
2014/11/14,Sanyi,PM10,17,21,22,18,20,23,23,23,28,26,24,29,29,24,29,26,22,26,24,20,21,20,15,16
2014/11/15,Sanyi,PM10,15,16,18,13,12,13,12,13,16,18,22,39,49,43,44,55,60,53,45,39,45,50,40,29
2014/11/16,Sanyi,PM10,26,29,28,29,26,22,21,18,23,29,35,39,33,29,32,34,29,27,29,33,37,33,28,24
2014/11/17,Sanyi,PM10,20,16,16,15,13,10,12,15,13,16,22,24,24,26,24,22,21,18,18,22,27,32,43,54
2014/11/19,Sanyi,PM10,24,28,24,22,23,23,18,23,26,27,42,70,67,44,40,39,38,32,27,32,34,33,32,31
2014/11/21,Sanyi,PM10,35,39,42,40,33,32,38,40,56,75,81,75,51,38,44,55,55,39,32,37,37,38,42,45
2014/11/22,Sanyi,PM10,48,46,43,43,40,32,28,31,32,33,31,27,29,33,33,42,43,45,56,72,89,99,104,109
2014/11/23,Sanyi,PM10,106,88,66,57,56,51,53,62,64,61,67,73,76,75,72,70,77,84,72,61,62,66,79,97
2014/11/24,Sanyi,PM10,105,115,117,111,97,77,60,64,60,44,54,64,75,93,105,111,98,81,78,78,77,105,131,125
2014/11/26,Sanyi,PM10,71,73,75,72,66,55,46,43,40,43,46,44,44,49,55,60,55,48,43,35,34,34,35,35
2014/11/27,Sanyi,PM10,39,40,35,42,46,44,40,37,38,37,37,37,34,37,48,55,55,54,59,60,45,38,48,50
2014/11/28,Sanyi,PM10,45,45,53,56,57,59,53,45,53,46,38,45,53,61,65,56,46,45,45,46,48,43,39,29
2014/11/29,Sanyi,PM10,23,27,27,33,40,39,32,24,28,35,43,53,54,44,38,38,49,73,77,44,22,22,22,24
2014/11/30,Sanyi,PM10,22,26,38,46,44,34,45,72,70,59,56,54,67,64,46,46,54,56,49,45,43,34,27,23
2014/12/02,Sanyi,PM10,45,39,45,56,55,50,48,45,46,54,54,48,46,45,45,45,42,35,31,28,29,31,28,28
2014/12/03,Sanyi,PM10,26,27,32,32,35,40,37,34,31,32,43,50,56,62,66,57,57,66,64,56,59,60,51,50
2014/12/04,Sanyi,PM10,49,39,23,13,11,11,13,10,9,11,12,10,13,23,32,40,46,49,50,54,54,53,50,46
2014/12/05,Sanyi,PM10,48,48,48,46,49,54,51,50,54,56,56,59,65,66,61,55,54,53,53,53,53,51,45,46
2014/12/06,Sanyi,PM10,46,45,42,40,39,35,32,29,28,31,35,37,39,40,39,38,37,38,39,45,46,40,35,40
2014/12/07,Sanyi,PM10,42,39,34,32,31,29,32,33,37,46,53,56,55,50,45,44,46,46,44,45,45,45,49,54
2014/12/08,Sanyi,PM10,48,38,37,34,32,24,18,22,22,23,31,33,37,32,28,33,43,51,49,39,39,26,23,24
2014/12/10,Sanyi,PM10,32,37,39,39,38,35,28,29,34,34,40,51,59,49,39,40,37,29,22,16,18,18,16,16
2014/12/11,Sanyi,PM10,17,16,15,12,13,15,15,18,24,32,37,37,35,34,31,23,21,22,24,31,29,28,29,28
2014/12/12,Sanyi,PM10,29,29,29,22,17,21,20,21,21,21,27,39,65,87,100,114,115,110,104,101,100,88,75,70
2014/12/13,Sanyi,PM10,70,70,67,60,55,55,64,76,77,75,108,123,97,82,79,76,76,75,68,65,60,55,55,56
2014/12/14,Sanyi,PM10,56,51,45,44,44,42,43,39,38,50,49,46,51,48,42,50,64,70,73,70,67,68,79,88
2014/12/16,Sanyi,PM10,60,64,60,49,38,33,37,48,57,56,53,49,50,54,60,76,87,90,99,115,108,99,94,88
2014/12/18,Sanyi,PM10,38,37,34,35,35,34,32,35,40,40,43,46,51,57,54,48,49,49,45,45,45,44,49,55
2014/12/19,Sanyi,PM10,56,57,60,60,55,55,60,62,67,65,65,64,53,34,23,23,24,27,34,31,20,22,20,17
2014/12/20,Sanyi,PM10,16,15,16,17,22,20,15,21,31,34,43,49,53,54,55,55,50,45,50,57,56,55,51,42
2014/12/21,Sanyi,PM10,39,42,37,33,29,26,23,23,34,45,54,59,57,56,54,54,49,43,38,33,38,45,48,53
2014/12/22,Sanyi,PM10,61,59,59,68,77,82,78,71,66,61,56,56,56,57,59,59,55,53,56,55,51,51,48,44
2014/12/23,Sanyi,PM10,48,49,42,39,49,65,77,76,79,89,87,83,82,84,92,98,97,112,125,115,108,106,101,89
2014/12/25,Sanyi,PM10,48,48,54,54,53,54,53,55,60,62,65,66,61,59,62,75,64,44,48,43,34,37,39,38
2014/12/26,Sanyi,PM10,46,50,49,46,45,42,37,33,31,29,28,27,28,28,29,28,24,29,35,33,27,26,24,21
2014/12/27,Sanyi,PM10,22,23,23,26,23,23,23,23,22,18,23,26,26,23,20,20,17,18,21,22,21,21,18,15
2014/12/28,Sanyi,PM10,12,12,15,15,12,13,13,15,13,15,16,18,21,21,18,15,16,22,29,31,28,35,46,53
2014/12/29,Sanyi,PM10,55,55,56,54,48,45,45,49,54,57,62,66,67,70,72,70,65,59,53,54,56,59,59,51
2014/12/31,Sanyi,PM10,39,37,33,29,27,26,24,27,28,26,24,29,31,44,59,56,57,55,48,43,42,38,38,42
2014/01/01,Tamshui,PM10,46,45,50,60,57,49,48,49,55,75,67,54,53,42,39,40,43,46,46,40,40,44,43,38
2014/01/02,Tamshui,PM10,39,42,38,39,42,43,48,55,65,65,68,73,66,59,59,57,62,61,55,72,89,86,86,90
2014/01/03,Tamshui,PM10,94,89,83,88,97,101,97,88,87,88,84,93,82,65,61,73,97,88,66,59,55,60,66,67
2014/01/04,Tamshui,PM10,71,68,81,105,106,110,122,125,125,127,122,133,167,207,225,215,202,178,158,154,156,153,153,163
2014/01/05,Tamshui,PM10,185,194,175,160,154,144,137,137,139,137,112,88,78,75,77,79,82,83,89,87,77,68,66,71
2014/01/07,Tamshui,PM10,33,34,33,33,37,35,33,35,43,51,50,50,60,82,98,98,93,95,111,117,115,98,71,78
2014/01/09,Tamshui,PM10,43,39,45,48,48,44,38,39,43,46,42,38,37,34,35,33,31,32,29,24,26,34,38,37
2014/01/10,Tamshui,PM10,31,27,23,26,28,29,34,38,33,27,26,23,24,28,26,23,22,20,20,23,29,26,22,21
2014/01/11,Tamshui,PM10,18,22,22,18,15,20,26,20,15,11,11,13,17,21,21,20,22,27,28,24,21,17,17,18
2014/01/12,Tamshui,PM10,24,31,38,42,40,46,46,43,40,39,39,40,43,39,42,44,37,33,37,35,31,29,29,34
2014/01/13,Tamshui,PM10,39,39,38,37,39,44,45,44,45,51,55,53,51,50,54,61,67,66,64,59,46,38,38,43
2014/01/14,Tamshui,PM10,44,39,34,29,27,32,38,38,32,31,28,22,22,23,27,32,31,29,33,35,32,32,33,31
2014/01/16,Tamshui,PM10,34,33,34,35,34,35,40,48,48,39,37,35,33,33,38,37,34,35,32,31,33,34,40,40
2014/01/17,Tamshui,PM10,35,32,34,33,28,28,29,35,45,44,34,33,28,27,31,29,29,31,33,38,34,31,31,27
2014/01/18,Tamshui,PM10,22,23,31,28,24,27,37,48,60,93,136,154,155,152,147,150,154,152,139,121,109,100,95,95
2014/01/19,Tamshui,PM10,94,83,73,64,59,54,50,56,57,51,54,59,55,49,43,40,40,42,42,38,35,37,40,48
2014/01/20,Tamshui,PM10,48,45,46,42,40,39,44,55,64,79,100,99,81,61,50,49,48,49,67,97,114,121,126,131
2014/01/21,Tamshui,PM10,127,125,142,161,159,166,187,193,181,175,174,164,142,122,112,101,87,84,90,87,77,64,53,48
2014/01/23,Tamshui,PM10,16,12,12,15,12,12,16,20,23,21,20,17,13,12,20,26,18,16,17,17,15,12,9,9
2014/01/24,Tamshui,PM10,13,12,12,12,13,16,13,13,18,18,37,49,49,54,46,39,38,42,46,56,64,50,48,59
2014/01/25,Tamshui,PM10,62,66,78,87,82,67,57,54,46,48,59,64,54,42,49,54,45,43,48,46,35,35,39,40
2014/01/26,Tamshui,PM10,55,56,44,87,174,186,138,112,109,115,117,114,116,120,119,111,98,77,61,61,60,56,55,49
2014/01/27,Tamshui,PM10,44,44,45,43,40,39,37,40,45,43,40,39,40,40,39,40,39,37,35,38,38,37,33,27
2014/01/29,Tamshui,PM10,28,28,28,28,28,28,32,37,40,35,32,31,33,39,45,44,44,43,38,45,49,46,53,59
2014/01/30,Tamshui,PM10,57,54,53,55,51,53,60,62,64,71,84,88,68,61,66,61,62,67,68,93,114,105,104,105
2014/01/31,Tamshui,PM10,106,122,115,68,45,54,55,54,55,45,38,42,42,42,42,38,38,34,31,32,33,38,42,40
2014/02/01,Tamshui,PM10,37,34,35,62,87,71,57,68,83,87,86,90,88,92,90,71,59,56,59,56,55,54,45,55
2014/02/02,Tamshui,PM10,68,68,61,54,50,43,38,37,37,42,43,51,59,56,53,48,54,60,68,73,70,71,53,26
2014/02/03,Tamshui,PM10,22,27,31,31,32,34,49,56,50,46,43,46,54,50,39,42,44,50,53,50,68,90,89,75
2014/02/04,Tamshui,PM10,61,54,46,43,40,44,43,38,43,40,37,32,27,24,20,21,24,21,20,17,20,20,16,13
2014/02/05,Tamshui,PM10,16,16,12,10,6,9,15,20,18,16,18,18,16,12,11,11,13,15,10,7,13,13,15,22
2014/02/06,Tamshui,PM10,33,42,46,49,45,42,37,38,48,50,40,40,42,43,37,23,20,22,21,27,32,26,24,21
2014/02/08,Tamshui,PM10,16,16,16,13,13,15,15,20,24,26,27,21,22,24,22,24,21,13,13,20,22,22,22,21
2014/02/09,Tamshui,PM10,22,22,17,18,17,12,12,11,12,15,15,11,7,4,5,5,7,10,13,17,16,12,13,13
2014/02/10,Tamshui,PM10,15,17,17,17,18,22,23,18,15,15,16,20,21,21,22,27,32,32,29,27,32,34,28,27
2014/02/11,Tamshui,PM10,26,23,27,32,33,33,38,40,35,32,33,37,38,38,44,43,34,34,38,39,43,45,50,53
2014/02/14,Tamshui,PM10,16,21,26,26,27,27,28,29,23,22,27,24,22,24,26,27,32,37,33,32,32,28,31,34
2014/02/15,Tamshui,PM10,38,42,35,33,35,31,31,35,40,45,45,48,56,59,57,46,44,40,34,35,29,23,23,24
2014/02/16,Tamshui,PM10,22,13,11,21,26,22,21,16,13,16,17,24,28,26,24,27,27,38,44,43,45,49,53,51
2014/02/17,Tamshui,PM10,57,67,68,64,51,42,35,33,40,51,59,61,60,68,81,76,77,82,86,99,101,109,126,121
2014/02/18,Tamshui,PM10,106,106,104,87,72,75,62,35,37,48,46,55,67,62,38,17,15,15,16,16,7,7,13,13
2014/02/19,Tamshui,PM10,15,20,18,17,16,15,15,17,13,13,13,13,20,22,21,21,23,22,28,39,43,45,46,42
2014/02/21,Tamshui,PM10,73,67,64,65,62,56,53,48,35,38,43,34,35,34,29,32,28,26,29,29,27,29,29,28
2014/02/22,Tamshui,PM10,28,31,31,23,22,24,24,27,28,26,17,12,13,13,16,17,21,24,22,23,24,22,26,29
2014/02/23,Tamshui,PM10,23,20,22,21,18,17,17,20,21,23,26,23,21,24,26,24,27,27,23,20,22,24,23,23
2014/02/24,Tamshui,PM10,23,23,22,21,22,26,27,24,27,27,24,61,89,79,89,105,111,108,109,121,130,130,134,127
2014/02/25,Tamshui,PM10,108,98,94,100,92,82,88,90,97,101,104,94,79,77,76,77,72,70,73,76,78,86,90,87
2014/02/27,Tamshui,PM10,49,44,35,35,39,39,35,38,44,42,32,29,29,31,32,29,24,22,22,27,31,33,35,33
2014/02/28,Tamshui,PM10,29,28,27,26,24,26,31,32,34,32,26,23,21,26,24,18,18,38,48,51,77,86,87,98
2014/03/01,Tamshui,PM10,98,93,109,105,81,70,75,82,86,93,104,120,121,121,115,93,84,72,55,67,78,73,67,60
2014/03/02,Tamshui,PM10,54,34,16,13,11,11,12,13,13,13,16,22,31,34,32,33,37,31,23,24,32,35,33,31
2014/03/03,Tamshui,PM10,27,27,26,21,18,17,17,22,27,26,24,29,34,37,42,45,42,42,43,44,45,40,35,27
2014/03/04,Tamshui,PM10,26,32,34,35,26,21,20,26,38,39,43,49,54,48,35,33,35,35,34,32,26,17,15,17
2014/03/05,Tamshui,PM10,20,21,21,26,34,39,35,29,24,28,33,37,39,37,34,37,39,39,39,32,31,37,33,29
2014/03/08,Tamshui,PM10,15,16,13,13,18,17,16,17,17,18,20,17,20,20,13,13,15,15,16,17,18,18,17,16
2014/03/09,Tamshui,PM10,16,18,12,15,21,18,20,23,26,26,24,26,24,28,32,35,38,39,40,40,43,48,51,51
2014/03/10,Tamshui,PM10,49,45,43,51,62,65,70,70,70,73,68,67,68,66,55,50,48,44,42,49,56,51,51,53
2014/03/12,Tamshui,PM10,84,105,92,87,94,101,104,105,98,89,94,104,103,92,90,90,82,78,76,56,38,40,46,46
2014/03/13,Tamshui,PM10,48,50,65,71,64,65,61,48,33,24,23,27,32,37,53,79,103,106,106,108,105,103,99,94
2014/03/14,Tamshui,PM10,94,100,101,97,92,86,87,87,90,97,94,93,93,89,87,84,83,75,60,54,53,48,45,46
2014/03/15,Tamshui,PM10,49,48,43,44,46,44,43,43,46,49,45,44,49,50,54,56,54,50,45,45,50,51,53,55
2014/03/16,Tamshui,PM10,56,61,59,54,53,57,59,56,57,78,95,92,98,99,99,99,92,93,92,90,95,98,103,111
2014/03/17,Tamshui,PM10,115,109,95,77,68,92,105,94,89,100,117,104,83,76,70,64,55,56,60,66,76,88,99,103
2014/03/19,Tamshui,PM10,77,78,72,64,62,62,59,61,66,88,109,108,130,126,98,84,76,73,71,81,94,87,75,78
2014/03/20,Tamshui,PM10,92,97,93,81,73,61,32,23,28,34,33,32,43,56,66,75,73,67,73,89,104,106,95,86
2014/03/23,Tamshui,PM10,24,24,22,21,22,18,17,22,23,26,31,26,21,23,23,23,22,22,20,17,20,20,20,21
2014/03/25,Tamshui,PM10,23,23,24,23,24,32,34,38,44,67,89,90,82,76,79,79,78,87,84,79,82,82,78,67
2014/03/26,Tamshui,PM10,68,70,61,59,61,61,66,67,103,108,71,60,49,42,35,31,34,42,49,62,64,57,50,40
2014/03/27,Tamshui,PM10,34,33,39,49,57,57,53,56,55,48,40,38,49,60,70,56,35,26,26,37,32,29,26,18
2014/03/28,Tamshui,PM10,17,11,10,10,9,9,12,17,33,71,92,93,98,94,88,105,108,93,98,98,87,79,81,90
2014/03/29,Tamshui,PM10,92,78,59,55,61,71,79,75,70,72,84,94,88,73,67,77,68,50,42,35,31,26,32,38
2014/03/30,Tamshui,PM10,38,33,32,31,34,33,26,28,40,45,50,66,89,103,108,117,126,126,126,126,126,131,130,123
2014/03/31,Tamshui,PM10,121,119,114,111,90,65,54,50,50,53,57,56,55,59,55,60,66,73,78,71,65,65,64,54
2014/04/01,Tamshui,PM10,32,18,20,12,11,20,26,28,27,26,32,34,32,31,32,32,33,35,32,31,27,23,27,28
2014/04/03,Tamshui,PM10,55,53,53,49,40,35,31,31,38,39,45,64,56,39,39,39,29,22,28,34,32,28,31,33
2014/04/04,Tamshui,PM10,29,28,34,35,37,45,50,55,53,57,70,82,88,84,79,75,72,68,67,72,79,83,72,68
2014/04/05,Tamshui,PM10,68,57,56,55,49,51,55,59,61,62,64,64,71,71,64,65,67,66,70,70,62,59,56,56
2014/04/06,Tamshui,PM10,56,56,55,56,56,53,50,54,57,60,68,72,75,78,81,82,78,68,64,65,62,59,49,39
2014/04/08,Tamshui,PM10,39,39,44,46,44,45,46,50,53,51,50,49,48,48,43,35,32,40,55,60,57,55,54,51
2014/04/09,Tamshui,PM10,48,51,51,42,42,50,50,46,48,46,46,45,38,38,35,32,32,29,29,38,43,35,31,28
2014/04/10,Tamshui,PM10,26,27,28,31,27,24,38,40,37,38,37,37,34,33,28,28,38,40,34,33,32,29,28,23
2014/04/11,Tamshui,PM10,20,20,23,22,21,23,27,43,62,64,54,48,48,46,51,61,64,59,65,68,64,68,76,73
2014/04/12,Tamshui,PM10,62,53,55,60,59,57,72,94,100,95,93,95,95,78,51,42,49,46,43,44,46,56,62,64
2014/04/13,Tamshui,PM10,66,62,65,66,64,65,66,70,66,61,55,57,59,50,40,34,46,49,50,57,56,45,32,31
2014/04/15,Tamshui,PM10,46,40,38,42,42,42,40,45,51,49,49,49,45,50,49,42,39,40,39,34,31,29,31,32
2014/04/16,Tamshui,PM10,31,29,34,35,33,37,59,78,83,92,84,73,75,73,72,67,66,68,70,66,57,61,71,70
2014/04/17,Tamshui,PM10,67,65,62,51,45,54,56,55,62,64,59,50,43,44,43,44,45,44,46,48,40,43,51,51
2014/04/18,Tamshui,PM10,54,55,53,49,44,40,45,45,50,59,60,61,57,49,40,38,43,50,48,42,43,48,48,53
2014/04/19,Tamshui,PM10,53,46,42,45,62,68,71,81,87,84,78,82,87,75,59,53,53,56,66,73,62,51,54,50
2014/04/20,Tamshui,PM10,46,45,46,44,38,32,34,42,39,49,53,37,22,23,29,32,29,22,20,17,13,15,22,22
2014/04/22,Tamshui,PM10,43,45,51,53,61,65,60,67,75,55,34,28,22,18,16,15,12,11,13,21,26,27,26,27
2014/04/23,Tamshui,PM10,26,27,29,28,35,49,60,65,62,56,61,64,55,50,54,55,55,56,54,53,54,50,39,27
2014/04/24,Tamshui,PM10,22,18,18,20,17,17,16,17,17,16,21,26,29,35,40,40,35,29,29,32,34,33,31,28
2014/04/25,Tamshui,PM10,23,21,18,21,23,27,34,32,26,27,27,17,18,32,43,40,26,23,23,26,23,18,16,15
2014/04/26,Tamshui,PM10,16,16,20,22,15,12,13,13,17,21,23,26,23,21,27,38,51,45,27,26,31,35,31,27
2014/04/27,Tamshui,PM10,29,27,23,27,29,26,27,28,33,38,44,44,40,33,27,26,27,29,31,29,34,39,35,32
2014/04/28,Tamshui,PM10,35,40,40,35,38,43,40,45,51,43,44,50,53,51,50,46,45,49,51,51,53,53,51,50
2014/04/30,Tamshui,PM10,45,43,44,45,44,45,49,49,46,44,44,45,44,43,45,39,28,24,29,33,31,24,22,20
2014/05/01,Tamshui,PM10,24,32,34,33,29,31,35,35,31,32,37,39,34,28,28,39,38,32,31,29,26,21,20,26
2014/05/02,Tamshui,PM10,27,28,37,32,26,24,29,43,51,51,45,44,38,27,24,23,20,22,22,17,17,18,21,20
2014/05/03,Tamshui,PM10,17,18,17,21,26,32,39,40,35,42,48,45,43,43,45,42,40,39,39,40,43,42,34,33
2014/05/04,Tamshui,PM10,38,39,40,45,51,50,45,45,45,40,42,43,35,33,31,35,44,44,46,50,53,50,51,53
2014/05/06,Tamshui,PM10,42,43,42,39,39,38,33,31,28,28,27,26,26,23,20,18,20,20,21,21,24,29,27,23
2014/05/07,Tamshui,PM10,21,22,21,17,21,28,29,33,38,40,40,38,39,42,32,23,28,33,37,37,32,37,46,44
2014/05/08,Tamshui,PM10,42,50,53,45,39,44,43,38,45,46,33,28,28,21,22,22,27,34,35,34,34,32,26,26
2014/05/09,Tamshui,PM10,24,21,22,21,40,49,32,27,31,34,31,22,23,27,29,29,34,35,32,42,51,54,56,50
2014/05/10,Tamshui,PM10,43,44,46,49,48,40,44,64,78,68,51,49,51,42,34,35,37,38,38,43,51,57,60,57
2014/05/11,Tamshui,PM10,57,59,54,43,43,44,44,46,42,43,38,35,53,54,43,45,46,46,43,37,37,42,45,44
2014/05/12,Tamshui,PM10,45,48,46,45,40,39,42,38,38,39,33,29,33,33,26,21,23,29,33,33,28,27,31,32
2014/05/13,Tamshui,PM10,32,28,27,27,28,27,24,27,26,23,26,24,22,22,23,26,32,34,34,38,42,44,44,43
2014/05/15,Tamshui,PM10,18,21,18,16,20,17,17,18,17,21,32,33,22,22,23,26,21,18,32,39,46,55,65,65
2014/05/16,Tamshui,PM10,76,97,99,100,97,89,87,89,94,93,81,86,92,86,83,76,62,53,48,39,38,37,35,43
2014/05/17,Tamshui,PM10,46,46,44,46,51,50,45,45,49,60,68,68,71,73,71,67,59,44,45,49,53,57,55,48
2014/05/18,Tamshui,PM10,39,35,40,42,35,28,29,35,31,22,24,39,50,53,35,15,16,16,18,22,23,26,27,27
2014/05/19,Tamshui,PM10,27,24,23,28,31,26,28,35,38,37,38,42,29,21,18,22,29,28,27,22,26,35,34,32
2014/05/20,Tamshui,PM10,33,38,42,39,33,32,33,31,27,23,23,24,22,21,17,15,22,27,35,40,34,24,20,31
2014/05/21,Tamshui,PM10,42,40,40,45,46,45,43,42,45,50,50,49,45,43,38,29,31,35,33,32,29,26,24,29
2014/05/23,Tamshui,PM10,22,20,22,17,13,17,23,27,35,40,32,20,9,7,17,20,16,18,24,24,24,24,27,31
2014/05/24,Tamshui,PM10,21,10,11,15,13,13,18,20,21,23,21,28,42,46,48,43,42,49,55,49,32,21,21,17
2014/05/25,Tamshui,PM10,16,18,22,24,23,26,27,27,35,40,35,35,39,46,49,37,28,38,43,39,38,38,32,29
2014/05/26,Tamshui,PM10,33,38,37,33,29,28,32,33,27,21,21,23,33,42,45,45,35,29,31,35,35,33,35,34
2014/05/28,Tamshui,PM10,71,65,60,61,65,65,68,67,64,62,64,66,61,59,55,51,55,59,61,64,68,81,79,64
2014/05/29,Tamshui,PM10,51,43,38,40,43,40,35,37,28,18,20,20,26,28,28,34,32,28,37,40,32,33,39,42
2014/05/30,Tamshui,PM10,44,44,40,39,35,32,35,42,45,49,50,45,43,42,40,33,26,27,28,35,42,39,38,38
2014/05/31,Tamshui,PM10,38,35,35,34,32,35,39,39,42,45,46,45,45,48,46,44,48,49,53,56,53,48,51,60
2014/06/01,Tamshui,PM10,55,51,60,60,53,54,54,43,39,33,21,26,43,44,37,35,31,33,34,34,33,35,40,39
2014/06/02,Tamshui,PM10,39,35,38,46,44,35,34,32,28,29,31,28,24,29,29,27,24,20,20,24,26,28,33,26
2014/06/03,Tamshui,PM10,20,18,18,17,23,24,23,29,32,31,27,28,28,26,33,45,48,46,44,38,34,39,44,45
2014/06/05,Tamshui,PM10,34,38,43,42,39,42,46,48,40,39,44,49,50,46,37,34,43,49,53,50,45,46,48,37
2014/06/06,Tamshui,PM10,21,17,12,9,18,32,35,34,38,51,54,38,24,18,20,22,24,22,43,65,67,67,65,60
2014/06/07,Tamshui,PM10,55,44,29,31,31,34,40,43,48,39,24,22,22,17,21,24,24,27,31,28,28,27,21,22
2014/06/08,Tamshui,PM10,28,26,26,24,23,23,18,11,7,13,16,13,10,11,15,17,23,26,24,24,22,24,26,26
2014/06/09,Tamshui,PM10,26,27,29,22,13,13,13,17,20,16,9,10,15,15,15,16,13,12,15,15,15,16,16,16
2014/06/10,Tamshui,PM10,16,13,10,11,13,10,5,10,16,15,10,9,15,16,13,12,11,13,15,15,12,15,13,7
2014/06/12,Tamshui,PM10,32,33,33,38,39,38,37,35,35,37,34,29,29,29,28,33,33,33,38,40,34,28,29,31
2014/06/13,Tamshui,PM10,35,39,37,34,32,29,33,38,43,48,55,67,68,71,72,72,68,64,67,70,68,65,61,59
2014/06/14,Tamshui,PM10,57,49,35,24,23,23,18,22,22,22,29,38,37,46,61,57,57,62,66,61,51,51,49,53
2014/06/15,Tamshui,PM10,56,54,53,53,53,48,43,39,40,43,50,56,61,64,54,44,37,37,40,38,35,40,42,43
2014/06/16,Tamshui,PM10,42,37,34,37,34,33,33,35,38,31,22,23,24,26,34,43,48,51,53,56,57,44,37,42
2014/06/17,Tamshui,PM10,44,43,42,39,38,43,39,33,28,22,24,33,45,48,46,62,57,39,35,28,29,33,31,31
2014/06/21,Tamshui,PM10,38,39,42,44,43,42,43,48,45,45,46,37,35,37,34,34,31,26,27,33,34,35,39,46
2014/06/22,Tamshui,PM10,48,44,39,40,43,43,43,48,46,38,37,43,54,56,43,32,28,26,26,29,34,38,38,39
2014/06/23,Tamshui,PM10,42,39,40,43,43,42,39,29,24,29,40,40,33,29,28,33,34,33,33,31,22,15,13,18
2014/06/25,Tamshui,PM10,31,33,39,35,31,29,29,32,37,40,37,35,33,28,29,32,38,37,33,35,37,38,38,40
2014/06/26,Tamshui,PM10,40,34,35,37,35,34,29,29,39,38,33,33,39,49,53,49,45,42,40,48,49,48,49,45
2014/06/27,Tamshui,PM10,46,49,48,48,49,49,45,42,43,45,49,50,48,45,42,37,38,37,32,37,46,48,40,40
2014/06/28,Tamshui,PM10,44,46,46,46,49,50,53,57,60,57,48,49,45,35,33,32,39,43,43,45,46,45,39,44
2014/06/29,Tamshui,PM10,45,42,45,44,40,42,43,45,43,48,53,44,42,34,27,32,29,29,29,32,40,38,29,24
2014/06/30,Tamshui,PM10,23,22,23,18,18,23,21,20,27,35,38,39,34,28,23,27,33,31,27,28,35,39,38,35
2014/07/01,Tamshui,PM10,33,35,38,39,40,33,35,49,53,51,51,44,40,34,29,29,27,23,21,27,32,33,38,42
2014/07/02,Tamshui,PM10,40,39,38,37,38,35,35,61,56,29,33,37,39,37,27,27,32,29,22,29,37,42,43,45
2014/07/03,Tamshui,PM10,49,45,46,51,54,44,32,28,34,54,53,43,39,33,28,24,32,38,39,46,48,43,39,37
2014/07/05,Tamshui,PM10,20,21,18,17,24,34,43,46,49,56,48,37,35,33,32,35,40,38,43,48,40,26,18,15
2014/07/09,Tamshui,PM10,42,42,38,35,38,40,38,43,48,45,44,55,83,92,93,92,67,53,60,64,57,56,60,61
2014/07/10,Tamshui,PM10,64,64,61,55,45,44,54,59,50,46,46,45,40,43,45,40,39,35,33,37,40,42,46,49
2014/07/11,Tamshui,PM10,48,43,38,35,37,37,31,29,29,33,42,50,56,48,35,33,34,32,26,27,31,31,31,29
2014/07/12,Tamshui,PM10,31,34,37,35,33,32,34,39,38,32,42,77,95,65,39,38,33,27,24,23,26,33,33,28
2014/07/13,Tamshui,PM10,27,27,32,38,35,26,23,28,28,26,23,34,50,55,49,45,43,35,28,27,31,34,37,38
2014/07/14,Tamshui,PM10,40,44,40,32,23,24,27,27,28,29,29,35,38,27,24,24,21,26,28,37,45,42,45,53
2014/07/15,Tamshui,PM10,55,48,38,39,42,40,40,43,55,64,57,37,21,17,15,13,12,17,22,33,42,39,40,39
2014/07/16,Tamshui,PM10,38,38,34,27,27,33,33,34,35,27,18,29,40,42,40,31,28,29,26,22,21,23,23,21
2014/07/17,Tamshui,PM10,20,18,16,18,20,18,17,17,26,35,56,48,23,22,26,28,26,27,24,20,16,16,17,15
2014/07/19,Tamshui,PM10,23,24,22,21,22,24,28,31,34,35,31,29,21,16,20,17,17,17,15,11,9,12,16,16
2014/07/20,Tamshui,PM10,17,16,12,13,17,15,13,13,13,13,15,16,17,18,20,18,18,23,28,26,17,12,16,16
2014/07/21,Tamshui,PM10,18,20,15,16,16,15,16,18,20,17,17,15,12,18,23,23,20,21,22,22,21,18,20,22
2014/07/23,Tamshui,PM10,16,16,16,12,15,16,17,17,21,21,15,13,13,13,15,18,20,22,26,26,22,22,27,27
2014/07/24,Tamshui,PM10,28,29,32,35,33,29,29,34,38,43,49,46,38,33,40,48,43,38,45,49,46,56,55,48
2014/07/25,Tamshui,PM10,49,48,46,44,45,44,42,45,71,72,51,49,51,48,46,46,42,40,38,32,28,29,32,37
2014/07/26,Tamshui,PM10,37,38,39,39,38,34,31,34,40,33,28,28,33,43,44,38,35,34,31,28,23,21,21,22
2014/07/27,Tamshui,PM10,24,26,27,31,29,34,42,45,35,27,32,34,33,33,33,27,21,18,22,20,15,11,11,15
2014/07/28,Tamshui,PM10,20,22,23,28,27,21,24,26,26,23,22,28,29,27,26,26,24,24,22,20,18,13,17,23
2014/07/30,Tamshui,PM10,16,17,21,18,16,17,21,23,21,20,16,15,17,18,21,22,24,29,32,32,32,32,35,35
2014/07/31,Tamshui,PM10,34,29,26,23,20,18,16,22,24,18,23,28,27,27,29,34,35,34,37,39,40,42,37,34
2014/08/01,Tamshui,PM10,37,45,48,48,37,44,46,40,42,51,57,61,73,89,87,73,73,76,67,65,68,72,79,77
2014/08/02,Tamshui,PM10,66,56,51,49,48,48,44,44,45,43,44,66,95,95,72,49,40,38,37,48,53,49,50,51
2014/08/03,Tamshui,PM10,50,46,43,44,45,43,45,45,45,45,49,50,49,38,31,33,32,37,42,48,53,51,54,55
2014/08/04,Tamshui,PM10,56,51,46,46,46,48,44,48,55,49,44,42,33,33,37,39,38,34,33,29,28,32,37,35
2014/08/06,Tamshui,PM10,35,39,40,33,26,26,28,29,28,31,32,26,22,21,21,22,24,26,31,34,38,44,49,50
2014/08/07,Tamshui,PM10,43,40,46,44,43,46,49,46,40,35,34,34,29,27,22,17,13,12,20,28,29,32,31,28
2014/08/08,Tamshui,PM10,31,29,28,35,37,32,31,29,31,29,27,22,20,18,18,26,28,26,26,27,31,37,35,35
2014/08/09,Tamshui,PM10,34,32,34,32,31,31,26,22,22,24,29,33,28,29,29,28,31,33,42,43,34,32,37,34
2014/08/10,Tamshui,PM10,27,23,22,21,21,21,22,22,20,24,27,35,43,48,46,40,50,61,60,46,35,34,35,37
2014/08/11,Tamshui,PM10,32,27,26,26,23,22,23,22,28,34,35,34,31,32,38,40,39,38,31,24,26,28,32,33
2014/08/13,Tamshui,PM10,28,28,28,24,16,17,26,26,23,26,24,31,37,35,35,35,32,27,27,26,24,29,32,29
2014/08/14,Tamshui,PM10,29,23,21,26,27,23,23,29,31,26,32,48,53,43,38,39,35,32,31,32,32,26,28,45
2014/08/15,Tamshui,PM10,49,39,35,33,34,38,37,37,35,37,39,45,60,60,46,42,43,44,43,39,35,43,44,38
2014/08/16,Tamshui,PM10,42,42,37,32,27,27,31,31,33,38,39,37,38,40,38,35,37,40,45,43,33,29,24,28
2014/08/17,Tamshui,PM10,38,40,38,39,48,45,38,42,43,43,42,46,57,57,51,46,40,46,61,66,61,62,59,53
2014/08/18,Tamshui,PM10,43,34,31,33,43,40,32,33,35,38,40,37,40,46,48,50,54,54,48,32,21,22,26,29
2014/08/20,Tamshui,PM10,40,44,43,39,35,35,40,37,33,38,38,44,44,39,38,39,38,34,37,44,50,51,49,51
2014/08/21,Tamshui,PM10,53,51,49,42,32,29,35,35,38,34,37,38,29,29,33,29,23,27,31,32,34,33,32,28
2014/08/22,Tamshui,PM10,28,35,38,33,29,29,29,31,37,40,43,40,33,43,48,37,35,43,34,23,26,29,26,29
2014/08/23,Tamshui,PM10,37,48,46,34,28,27,24,27,34,38,35,32,31,33,39,37,44,45,38,44,48,45,43,40
2014/08/24,Tamshui,PM10,42,44,44,40,42,40,38,39,38,39,39,34,24,27,31,27,32,34,29,26,29,37,38,38
2014/08/25,Tamshui,PM10,40,43,42,40,39,43,45,44,44,44,42,34,26,23,22,18,24,35,42,46,55,54,49,51
2014/08/27,Tamshui,PM10,16,21,23,22,20,16,16,20,23,23,40,62,61,53,54,54,53,49,46,53,56,59,59,57
2014/08/28,Tamshui,PM10,50,50,55,54,48,39,40,40,46,50,49,55,54,54,55,53,57,60,59,49,29,23,23,21
2014/08/29,Tamshui,PM10,22,26,29,35,43,40,44,43,48,55,46,42,32,22,20,21,23,26,23,17,18,21,23,24
2014/08/30,Tamshui,PM10,26,24,23,23,20,28,33,28,48,67,62,57,51,50,53,50,43,34,27,20,18,23,34,45
2014/08/31,Tamshui,PM10,49,45,39,38,39,42,49,50,44,46,50,46,42,42,39,44,48,46,46,46,49,50,49,46
2014/09/01,Tamshui,PM10,46,43,43,44,43,46,57,56,38,37,39,33,33,35,34,23,24,28,31,35,38,39,40,40
2014/09/03,Tamshui,PM10,39,35,37,40,40,40,43,49,48,43,48,43,32,26,27,29,32,34,43,51,49,46,37,29
2014/09/04,Tamshui,PM10,34,33,27,22,20,23,27,32,29,31,34,34,34,38,37,32,31,27,31,37,39,33,26,29
2014/09/05,Tamshui,PM10,38,34,23,21,23,26,29,32,23,17,18,16,12,11,21,23,18,18,17,22,21,21,24,21
2014/09/06,Tamshui,PM10,17,18,20,20,18,18,22,20,18,18,18,20,20,21,21,20,18,17,17,26,31,28,28,28
2014/09/07,Tamshui,PM10,28,24,20,20,21,17,18,21,20,22,26,24,26,27,28,24,24,32,40,32,24,32,38,35
2014/09/08,Tamshui,PM10,35,45,54,53,51,48,40,42,45,43,40,34,28,24,21,20,17,18,20,24,31,31,29,29
2014/09/10,Tamshui,PM10,48,50,39,34,33,33,35,35,38,45,53,44,29,22,21,22,27,31,44,53,50,49,50,48
2014/09/11,Tamshui,PM10,39,32,31,33,32,28,28,33,33,32,38,40,34,33,33,39,49,44,27,17,18,18,18,18
2014/09/12,Tamshui,PM10,16,17,17,15,16,17,13,16,28,46,57,51,43,37,34,35,37,38,39,35,37,42,43,44
2014/09/13,Tamshui,PM10,42,39,33,27,23,21,21,23,23,23,24,24,21,22,27,26,29,24,23,27,27,32,37,37
2014/09/14,Tamshui,PM10,29,27,29,24,20,23,28,28,23,21,21,18,16,22,26,22,20,21,23,31,28,22,20,20
2014/09/15,Tamshui,PM10,20,16,15,16,17,16,17,23,34,37,40,48,38,31,32,29,31,32,31,27,27,28,28,28
2014/09/16,Tamshui,PM10,27,26,26,24,22,22,20,24,33,34,48,64,60,64,72,67,66,72,77,72,68,64,59,64
2014/09/18,Tamshui,PM10,37,34,32,34,31,24,26,33,37,31,28,28,23,22,22,21,28,33,29,27,29,26,22,24
2014/09/19,Tamshui,PM10,26,22,22,24,21,24,31,32,31,31,33,32,32,32,32,42,40,33,28,16,11,11,15,16
2014/09/20,Tamshui,PM10,20,22,20,22,21,21,17,17,23,21,20,21,18,24,24,20,23,27,26,17,21,26,22,27
2014/09/22,Tamshui,PM10,27,27,24,23,24,23,26,26,22,16,11,17,29,23,18,18,18,23,28,42,49,45,45,45
2014/09/24,Tamshui,PM10,73,70,62,59,56,48,45,48,50,49,39,38,40,33,24,27,34,40,45,33,23,28,27,28
2014/09/25,Tamshui,PM10,32,33,33,32,28,29,33,35,44,43,34,34,34,28,27,29,28,27,27,28,29,34,38,34
2014/09/26,Tamshui,PM10,35,35,34,35,42,46,40,31,34,43,45,44,44,48,46,48,50,53,53,48,44,44,42,39
2014/09/27,Tamshui,PM10,38,35,37,39,39,38,43,44,46,55,59,53,44,44,45,44,45,46,45,43,40,43,46,45
2014/09/28,Tamshui,PM10,43,40,35,32,35,42,44,48,53,49,44,42,33,34,37,37,39,39,40,38,34,35,37,38
2014/09/29,Tamshui,PM10,39,38,39,35,33,38,39,39,46,68,78,68,66,64,56,49,49,60,59,57,62,57,57,62
2014/10/01,Tamshui,PM10,33,37,34,34,33,32,31,32,31,31,35,38,38,40,39,40,39,34,35,39,39,37,38,42
2014/10/02,Tamshui,PM10,45,42,39,39,37,33,33,37,38,38,37,34,35,33,34,39,40,37,45,55,56,54,59,61
2014/10/03,Tamshui,PM10,59,51,49,48,45,46,50,59,65,65,56,51,53,51,49,59,77,82,72,67,73,82,88,87
2014/10/04,Tamshui,PM10,84,78,57,46,43,37,38,38,40,50,50,45,51,53,51,50,53,57,55,51,55,56,56,57
2014/10/05,Tamshui,PM10,60,57,54,53,53,48,46,49,53,54,55,60,61,64,65,62,65,70,68,64,62,70,71,73
2014/10/06,Tamshui,PM10,79,78,76,83,94,104,98,86,82,81,77,76,76,70,68,72,75,71,64,62,72,82,82,73
2014/10/07,Tamshui,PM10,67,59,54,48,42,45,48,50,51,43,40,40,38,38,38,45,45,37,39,44,43,42,38,31
2014/10/08,Tamshui,PM10,31,33,32,35,40,38,39,44,49,49,50,51,51,54,48,46,51,48,45,44,42,42,43,45
2014/10/10,Tamshui,PM10,56,53,49,48,48,49,48,48,50,53,50,42,37,35,43,49,48,51,48,49,57,56,51,49
2014/10/11,Tamshui,PM10,55,60,61,65,62,56,54,56,56,59,62,68,71,68,70,72,67,66,70,70,70,71,70,67
2014/10/12,Tamshui,PM10,66,65,70,73,65,59,56,56,56,56,57,56,55,56,54,54,55,98,104,54,53,59,51,55
2014/10/13,Tamshui,PM10,57,59,59,56,59,54,51,57,65,76,76,76,75,71,71,67,68,76,78,77,82,84,88,88
2014/10/14,Tamshui,PM10,81,83,88,87,84,84,77,68,71,72,70,71,71,71,78,82,87,93,93,92,84,81,79,72
2014/10/15,Tamshui,PM10,65,62,60,56,57,55,57,62,72,86,90,92,90,93,93,90,94,98,89,81,79,81,78,72
2014/10/17,Tamshui,PM10,33,34,35,31,24,26,31,38,40,35,35,38,40,49,53,49,44,42,46,53,59,64,62,60
2014/10/18,Tamshui,PM10,60,59,59,53,53,57,62,70,67,62,59,57,57,55,57,57,57,59,53,49,49,48,43,40
2014/10/19,Tamshui,PM10,39,34,34,38,35,38,43,45,46,45,43,38,33,32,33,31,24,21,21,21,26,27,28,32
2014/10/20,Tamshui,PM10,31,28,27,26,26,26,27,31,37,44,45,46,51,50,45,46,50,51,59,56,51,45,34,29
2014/10/22,Tamshui,PM10,67,59,55,55,51,51,56,62,65,61,49,38,33,31,32,32,32,38,38,40,46,48,49,49
2014/10/23,Tamshui,PM10,48,46,42,39,37,35,35,40,38,32,34,35,33,32,34,32,32,34,34,33,33,32,27,24
2014/10/24,Tamshui,PM10,27,31,28,24,22,22,33,38,33,35,34,26,21,21,23,29,31,32,35,34,34,33,33,31
2014/10/25,Tamshui,PM10,29,32,27,21,21,22,23,22,22,22,21,20,15,15,16,17,20,21,28,32,29,28,24,23
2014/10/26,Tamshui,PM10,26,27,27,27,26,27,24,31,35,34,38,35,32,33,35,38,43,42,44,45,35,38,44,40
2014/10/27,Tamshui,PM10,38,34,37,39,32,28,27,28,27,29,32,35,48,49,50,53,57,62,62,62,60,51,40,35
2014/10/29,Tamshui,PM10,48,51,51,48,44,42,42,48,50,50,48,45,48,46,44,49,50,56,61,57,57,54,54,53
2014/10/30,Tamshui,PM10,51,49,49,51,46,43,40,40,45,43,40,38,38,39,38,40,39,33,31,29,29,28,31,35
2014/10/31,Tamshui,PM10,32,28,27,29,29,27,26,32,32,33,38,42,61,70,57,51,53,57,51,37,29,31,33,26
2014/11/01,Tamshui,PM10,21,27,38,59,75,73,64,65,70,83,81,60,39,23,24,29,31,32,29,31,26,21,21,15
2014/11/02,Tamshui,PM10,16,20,16,16,22,33,37,35,32,28,24,23,23,21,33,49,50,57,68,66,64,64,61,64
2014/11/03,Tamshui,PM10,68,67,64,62,67,71,75,81,86,89,82,79,78,76,71,59,48,43,49,50,46,45,39,34
2014/11/05,Tamshui,PM10,26,23,21,21,20,22,20,26,35,37,37,35,34,34,33,33,33,32,32,32,32,37,40,37
2014/11/06,Tamshui,PM10,37,39,37,31,29,31,32,37,44,49,49,43,35,31,28,31,34,32,27,28,33,33,33,35
2014/11/07,Tamshui,PM10,40,40,39,37,35,38,40,43,43,39,37,38,39,40,44,43,42,42,42,42,38,39,40,39
2014/11/08,Tamshui,PM10,39,42,44,40,34,32,34,34,34,37,35,35,40,45,49,48,50,66,64,46,42,42,42,40
2014/11/09,Tamshui,PM10,39,42,39,37,31,27,29,28,31,33,27,23,24,22,23,26,27,27,22,23,28,34,33,33
2014/11/10,Tamshui,PM10,33,29,27,26,27,27,29,32,32,31,32,32,33,32,31,32,35,40,42,45,48,49,49,45
2014/11/12,Tamshui,PM10,34,35,33,31,28,28,29,34,38,40,40,40,40,43,40,38,43,51,62,67,62,56,57,66
2014/11/13,Tamshui,PM10,75,76,75,81,82,76,71,65,56,53,56,66,75,76,73,70,60,51,48,45,46,48,45,45
2014/11/14,Tamshui,PM10,50,53,48,44,42,32,26,28,31,38,43,38,26,21,24,24,23,27,27,27,27,23,22,27
2014/11/15,Tamshui,PM10,29,27,27,28,32,27,22,22,23,23,24,34,33,26,24,22,27,31,28,24,21,21,20,18
2014/11/16,Tamshui,PM10,17,22,24,23,20,18,20,22,32,39,35,24,17,21,23,24,23,28,38,43,33,23,26,31
2014/11/17,Tamshui,PM10,28,18,16,15,18,22,23,22,23,27,27,28,35,43,45,46,43,46,59,65,78,88,81,70
2014/11/19,Tamshui,PM10,34,35,35,34,32,31,35,34,32,33,34,38,34,31,32,33,29,29,31,29,26,22,23,24
2014/11/20,Tamshui,PM10,28,24,21,24,21,20,23,21,20,18,18,22,23,23,22,23,24,24,26,27,34,32,22,20
2014/11/21,Tamshui,PM10,21,24,21,21,22,22,27,38,44,38,32,32,28,26,27,27,28,31,37,43,40,38,32,22
2014/11/22,Tamshui,PM10,22,23,22,18,20,24,22,26,40,44,34,27,26,28,29,31,32,39,38,28,29,28,21,21
2014/11/23,Tamshui,PM10,22,26,32,26,22,17,11,17,22,21,20,18,16,21,24,24,24,21,18,18,20,22,23,23
2014/11/24,Tamshui,PM10,18,13,17,18,18,22,27,26,34,49,44,60,106,111,93,84,71,66,70,77,73,68,72,82
2014/11/26,Tamshui,PM10,70,65,55,50,59,57,40,38,42,39,40,40,42,40,39,42,43,43,43,39,38,39,38,38
2014/11/27,Tamshui,PM10,39,37,33,37,39,33,27,26,29,29,31,26,20,22,24,24,31,33,29,29,29,22,16,17
2014/11/28,Tamshui,PM10,18,22,22,21,27,32,42,49,55,60,65,70,72,77,70,60,54,45,42,43,50,59,53,51
2014/11/29,Tamshui,PM10,60,55,45,39,38,39,38,45,50,51,48,39,37,40,39,37,42,42,40,46,48,44,53,64
2014/11/30,Tamshui,PM10,73,86,89,71,42,37,42,49,48,39,51,62,71,77,75,75,65,65,54,42,49,44,48,48
2014/12/01,Tamshui,PM10,31,24,23,18,20,20,18,23,32,40,46,53,60,71,84,94,90,94,104,101,103,106,110,104
2014/12/03,Tamshui,PM10,38,32,32,29,23,26,31,28,24,27,26,32,31,23,38,50,53,59,60,62,64,62,55,48
2014/12/05,Tamshui,PM10,66,61,64,66,64,64,70,76,78,77,75,66,64,64,65,68,71,75,72,67,66,66,62,59
2014/12/06,Tamshui,PM10,54,49,42,35,33,32,33,35,39,40,39,34,37,46,45,39,37,34,35,38,37,34,39,39
2014/12/07,Tamshui,PM10,40,37,32,35,37,37,35,38,39,39,39,37,34,34,35,38,39,39,40,43,42,37,33,29
2014/12/08,Tamshui,PM10,27,29,24,22,26,21,24,35,39,38,32,32,49,65,73,78,82,82,79,75,68,65,59,60
2014/12/10,Tamshui,PM10,18,18,21,28,33,31,23,24,24,33,56,67,56,39,35,33,34,35,34,31,29,34,35,31
2014/12/11,Tamshui,PM10,28,24,23,22,21,28,39,39,33,29,31,33,31,33,35,35,44,48,42,42,43,46,54,48
2014/12/12,Tamshui,PM10,39,38,35,37,38,42,49,56,70,88,101,116,122,132,142,136,132,126,114,99,87,87,90,77
2014/12/13,Tamshui,PM10,66,67,76,92,92,83,84,88,89,92,92,83,78,78,78,81,88,92,93,93,88,82,77,76
2014/12/14,Tamshui,PM10,71,62,57,53,48,48,44,38,43,45,38,35,34,33,35,40,46,42,34,35,32,29,26,22
2014/12/15,Tamshui,PM10,20,24,28,37,40,38,37,40,50,61,65,56,45,38,40,44,43,48,51,49,49,50,45,42
2014/12/17,Tamshui,PM10,98,98,99,103,100,104,105,83,71,66,57,60,59,60,64,57,55,55,50,49,50,49,50,50
2014/12/18,Tamshui,PM10,56,61,64,61,54,53,53,50,46,43,44,46,46,49,46,40,37,33,28,27,29,28,23,22
2014/12/19,Tamshui,PM10,20,17,18,18,17,18,18,20,26,29,29,27,31,51,65,57,51,49,48,45,37,24,21,23
2014/12/20,Tamshui,PM10,26,28,27,22,26,37,42,48,60,64,65,61,55,56,60,65,65,67,68,62,62,65,66,70
2014/12/21,Tamshui,PM10,66,66,73,73,68,70,65,61,61,55,51,50,46,48,48,50,48,46,50,54,61,66,72,79
2014/12/22,Tamshui,PM10,86,94,100,100,93,78,75,72,66,68,70,65,61,70,72,70,67,67,65,62,56,53,54,54
2014/12/23,Tamshui,PM10,46,42,40,40,42,42,43,44,44,43,43,42,42,61,78,82,87,94,89,83,89,81,73,79
2014/12/24,Tamshui,PM10,92,90,72,71,84,89,92,98,97,90,77,64,59,54,55,51,46,51,60,60,62,71,73,72
2014/12/25,Tamshui,PM10,75,73,75,75,72,73,71,65,65,66,65,66,68,72,70,67,65,60,60,66,72,68,64,65
2014/12/26,Tamshui,PM10,64,55,38,31,33,38,42,40,40,40,43,40,40,39,35,40,39,31,31,33,34,34,31,32
2014/12/27,Tamshui,PM10,35,38,37,34,35,33,32,29,33,34,27,24,24,23,23,23,24,27,28,23,20,21,23,22
2014/12/28,Tamshui,PM10,21,20,22,26,26,23,21,23,26,31,31,31,31,28,31,38,45,45,45,56,61,65,71,67
2014/12/29,Tamshui,PM10,62,56,51,56,62,71,72,78,87,77,68,65,61,57,56,60,67,76,78,68,62,65,67,66
2014/12/31,Tamshui,PM10,57,61,62,55,51,49,49,51,55,70,73,61,56,56,50,42,35,39,49,55,54,55,84,130
